,Company,Type,Ram,Weight,Price,Touchscreen,Ips,ppi,Cpu brand,HDD,SSD,Gpu brand,os
0,Apple,Ultrabook,8,1.37,71378.6832,0,0,226.98300468106115,Intel Core i5,0,128,Intel,Mac
1,Apple,Ultrabook,8,1.34,47895.5232,0,0,127.67794013309688,Intel Core i5,0,0,Intel,Mac
2,HP,Notebook,8,1.86,30636.0,0,0,141.21199808219862,Intel Core i5,0,256,Intel,Others/No OS/Linux
3,Apple,Ultrabook,16,1.83,135195.336,0,0,220.53462386625827,Intel Core i7,0,512,AMD,Mac
4,Apple,Ultrabook,8,1.37,96095.808,0,0,226.98300468106115,Intel Core i5,0,256,Intel,Mac
5,Acer,Notebook,4,2.1,21312.0,0,0,100.45466986113651,AMD Processor,500,0,AMD,Windows
6,Apple,Ultrabook,16,2.04,114017.6016,0,0,220.53462386625827,Intel Core i7,0,0,Intel,Mac
7,Apple,Ultrabook,8,1.34,61735.536,0,0,127.67794013309688,Intel Core i5,0,0,Intel,Mac
8,Asus,Ultrabook,16,1.3,79653.6,0,0,157.3505121487356,Intel Core i7,0,512,Nvidia,Windows
9,Acer,Ultrabook,8,1.6,41025.6,0,0,157.3505121487356,Intel Core i5,0,256,Intel,Windows
10,HP,Notebook,4,1.86,20986.992,0,0,100.45466986113651,Intel Core i5,500,0,Intel,Others/No OS/Linux
11,HP,Notebook,4,1.86,18381.0672,0,0,141.21199808219862,Intel Core i3,500,0,Intel,Others/No OS/Linux
12,Apple,Ultrabook,16,1.83,130001.6016,0,0,220.53462386625827,Intel Core i7,0,256,AMD,Mac
13,Dell,Notebook,4,2.2,26581.392,0,0,141.21199808219862,Intel Core i3,0,256,AMD,Windows
14,Apple,Ultrabook,8,0.92,67260.672,0,0,226.41554716935852,Other Intel Processor,0,256,Intel,Mac
15,Apple,Ultrabook,8,1.37,80908.344,0,0,226.98300468106115,Intel Core i5,0,256,Intel,Mac
16,Dell,Notebook,8,2.2,39693.6,0,0,141.21199808219862,Intel Core i7,0,256,AMD,Windows
17,Apple,Ultrabook,16,1.83,152274.24,0,0,220.53462386625827,Intel Core i7,0,512,AMD,Mac
18,Lenovo,Notebook,8,2.2,26586.72,0,0,141.21199808219862,Intel Core i3,1000,0,Nvidia,Others/No OS/Linux
19,Dell,Ultrabook,8,1.22,52161.12,1,0,165.6321180513006,Intel Core i5,0,128,Intel,Windows
20,Asus,Netbook,2,0.98,10224.432,0,0,135.0942111925629,Other Intel Processor,0,0,Intel,Windows
21,Lenovo,Gaming,8,2.5,53226.72,0,0,141.21199808219862,Intel Core i5,1000,128,Nvidia,Windows
22,HP,Notebook,4,1.86,13746.24,0,0,100.45466986113651,AMD Processor,500,0,AMD,Others/No OS/Linux
23,Dell,2 in 1 Convertible,8,1.62,43636.32,1,0,165.6321180513006,Intel Core i5,0,256,Intel,Windows
24,HP,Ultrabook,8,1.91,35111.52,0,0,141.21199808219862,Intel Core i7,0,256,Intel,Windows
25,Dell,Notebook,4,2.3,22305.1392,0,0,100.45466986113651,Intel Core i3,1000,0,Intel,Windows
26,Apple,Ultrabook,8,1.35,58554.72,0,0,127.67794013309688,Intel Core i5,0,0,Intel,Mac
27,Dell,Notebook,8,2.2,42624.0,0,0,141.21199808219862,Intel Core i5,0,256,AMD,Windows
28,Dell,Ultrabook,8,1.88,69157.44,0,0,141.21199808219862,Intel Core i7,0,512,Intel,Windows
29,HP,Notebook,8,2.5,47738.88,0,0,127.33567457123111,Intel Core i5,1000,0,Nvidia,Windows
30,Chuwi,Notebook,4,1.89,13053.0672,0,0,141.21199808219862,Other Intel Processor,0,0,Intel,Windows
31,Asus,Notebook,2,1.65,10602.72,0,0,111.93520355955211,AMD Processor,0,0,AMD,Windows
32,HP,Notebook,4,2.71,23389.92,0,0,127.33567457123111,AMD Processor,500,0,AMD,Windows
33,Dell,Ultrabook,16,1.2,99580.32,1,0,276.053530085501,Intel Core i7,0,512,Intel,Windows
34,Apple,Ultrabook,8,1.35,53173.44,0,0,127.67794013309688,Intel Core i5,0,0,Intel,Mac
35,Lenovo,Notebook,4,1.44,13266.72,0,0,111.93520355955211,Other Intel Processor,0,0,Intel,Windows
36,Acer,Notebook,4,2.1,19553.76,0,0,100.45466986113651,Intel Core i3,1000,0,Intel,Others/No OS/Linux
37,Dell,Notebook,8,2.8,52161.12,0,0,127.33567457123111,Intel Core i5,1000,128,AMD,Windows
38,HP,Notebook,4,1.86,26037.4032,0,0,100.45466986113651,Intel Core i5,1000,0,Intel,Windows
39,HP,Notebook,8,2.1,46833.12,0,0,141.21199808219862,Intel Core i5,0,256,Nvidia,Windows
40,Asus,Notebook,4,2.0,20725.92,0,0,141.21199808219862,Intel Core i3,1000,0,Intel,Others/No OS/Linux
41,Dell,Gaming,16,2.65,79866.72,0,0,141.21199808219862,Intel Core i7,1000,256,Nvidia,Windows
42,Asus,Notebook,8,2.3,27864.9072,0,0,100.45466986113651,Intel Core i5,1000,0,Nvidia,Others/No OS/Linux
43,Acer,Notebook,4,2.2,36336.96,0,0,141.21199808219862,Intel Core i5,0,256,Intel,Windows
44,Dell,2 in 1 Convertible,12,2.77,53226.72,1,0,127.33567457123111,Intel Core i5,1000,0,Nvidia,Windows
45,Apple,Ultrabook,8,1.37,75604.32,0,0,226.98300468106115,Intel Core i5,0,256,Intel,Mac
46,Lenovo,Notebook,4,2.2,19660.32,0,0,100.45466986113651,Intel Core i3,0,128,Intel,Others/No OS/Linux
47,Asus,Gaming,8,3.2,69210.72,0,0,127.33567457123111,AMD Processor,1000,256,AMD,Windows
48,Dell,Notebook,4,2.3,34045.92,0,0,141.21199808219862,Intel Core i5,0,256,AMD,Windows
49,Asus,Notebook,4,2.8,24828.48,0,0,90.58340172449303,Other Intel Processor,1000,0,Nvidia,Windows
50,Lenovo,2 in 1 Convertible,4,0.69,16996.32,1,0,224.17380907857276,Other Intel Processor,0,0,Intel,Others/No OS/Linux
51,Acer,Notebook,8,2.2,44808.48,0,0,141.21199808219862,Intel Core i7,0,256,Nvidia,Windows
52,HP,Notebook,4,1.86,21231.5472,0,0,141.21199808219862,AMD Processor,0,256,AMD,Windows
53,HP,Notebook,8,1.49,58767.84,0,0,165.6321180513006,Intel Core i7,0,512,Intel,Windows
54,Acer,Notebook,4,2.4,20459.52,0,0,100.45466986113651,Intel Core i3,1000,0,Intel,Windows
55,Dell,Notebook,8,2.13,40908.384,0,0,141.21199808219862,Intel Core i7,0,256,AMD,Windows
56,HP,Notebook,4,1.91,23389.92,0,0,141.21199808219862,Intel Core i3,0,128,Intel,Windows
57,Asus,Notebook,4,2.0,31232.2032,0,0,100.45466986113651,Intel Core i5,0,256,Intel,Windows
58,MSI,Gaming,16,2.43,130482.72,0,0,127.33567457123111,Intel Core i7,2000,256,Nvidia,Windows
59,Asus,Notebook,4,2.0,22111.2,0,0,141.21199808219862,Intel Core i3,0,256,Intel,Others/No OS/Linux
60,Dell,Notebook,16,2.8,69210.72,0,0,127.33567457123111,Intel Core i7,2000,256,AMD,Windows
61,Dell,Ultrabook,8,1.7,46833.12,0,0,157.3505121487356,Intel Core i5,0,256,Intel,Windows
62,Lenovo,Notebook,8,1.7,31914.72,0,0,157.3505121487356,Intel Core i3,0,256,Intel,Others/No OS/Linux
63,Asus,Notebook,8,1.4,50136.48,0,0,157.3505121487356,Intel Core i5,0,256,Intel,Windows
64,HP,Notebook,8,1.86,36763.2,0,0,141.21199808219862,Intel Core i5,0,256,Intel,Windows
65,Asus,Ultrabook,16,1.8,105654.24,0,0,141.21199808219862,Intel Core i7,0,512,Nvidia,Windows
66,HP,Notebook,4,1.86,23373.4032,0,0,100.45466986113651,Intel Core i3,500,0,AMD,Windows
67,HP,Notebook,4,1.44,12201.12,0,0,111.93520355955211,Other Intel Processor,0,32,Intel,Windows
68,Lenovo,Notebook,4,1.9,29250.72,0,0,141.21199808219862,Intel Core i5,1000,0,Intel,Windows
69,Asus,Gaming,12,3.0,50562.72,0,0,127.33567457123111,Intel Core i7,1000,0,Nvidia,Others/No OS/Linux
70,Microsoft,Ultrabook,4,1.252,58021.92,1,0,200.84255993695703,Intel Core i5,0,128,Intel,Windows
71,Dell,Ultrabook,8,1.4,50882.4,0,0,165.6321180513006,Intel Core i7,0,256,AMD,Windows
72,Dell,Notebook,8,2.2,46353.6,0,0,141.21199808219862,Intel Core i7,0,256,AMD,Windows
73,MSI,Gaming,8,2.7,58341.6,0,0,127.33567457123111,Intel Core i5,1000,128,Nvidia,Windows
74,Acer,Notebook,8,2.1,20725.92,0,0,111.93520355955211,Intel Core i3,1000,0,Intel,Windows
75,Asus,Gaming,8,2.2,50562.72,0,0,141.21199808219862,Intel Core i7,1000,0,Nvidia,Windows
76,Lenovo,Notebook,8,2.2,27652.32,0,0,141.21199808219862,Intel Core i5,2000,0,Intel,Others/No OS/Linux
77,Dell,Notebook,8,2.02,45554.4,0,0,141.21199808219862,Intel Core i7,1000,128,Intel,Windows
78,Acer,Notebook,4,2.2,28238.4,0,0,141.21199808219862,Intel Core i3,1000,0,Nvidia,Windows
79,HP,Notebook,8,2.5,52054.56,0,0,127.33567457123111,Intel Core i5,1000,128,Nvidia,Windows
80,Dell,Ultrabook,8,1.88,58403.4048,0,0,141.21199808219862,Intel Core i5,0,256,Intel,Windows
81,Apple,Ultrabook,8,0.92,80452.8,0,0,226.41554716935852,Intel Core i5,0,512,Intel,Mac
82,HP,Notebook,8,1.63,45820.8,0,0,157.3505121487356,Intel Core i5,0,256,Intel,Windows
83,Lenovo,Notebook,4,2.2,21258.72,0,0,141.21199808219862,AMD Processor,0,128,AMD,Windows
84,Acer,Notebook,4,2.1,21045.6,0,0,100.45466986113651,AMD Processor,1000,0,AMD,Windows
85,Dell,Gaming,16,2.65,71874.72,0,0,141.21199808219862,Intel Core i7,1000,128,Nvidia,Windows
86,HP,Ultrabook,8,1.83,37242.72,0,0,141.21199808219862,Intel Core i7,0,256,Nvidia,Windows
87,HP,Notebook,8,1.96,31914.1872,0,0,141.21199808219862,Intel Core i5,0,256,Intel,Windows
88,Asus,Gaming,16,2.2,77202.72,0,0,141.21199808219862,Intel Core i7,1000,128,Nvidia,Windows
89,Dell,Ultrabook,8,1.21,87858.72,0,0,165.6321180513006,Intel Core i7,0,256,Intel,Windows
90,Asus,Gaming,8,2.45,37242.72,0,0,141.21199808219862,AMD Processor,1000,0,AMD,Windows
91,Acer,Notebook,8,2.2,36709.92,0,0,141.21199808219862,Intel Core i7,1000,0,Nvidia,Windows
92,HP,Notebook,16,1.49,63776.16,0,0,165.6321180513006,Intel Core i7,0,512,Intel,Windows
93,Dell,Gaming,8,2.65,63669.6,0,0,141.21199808219862,Intel Core i5,0,256,Nvidia,Windows
94,Asus,Ultrabook,8,1.25,55890.72,0,0,157.3505121487356,Intel Core i7,0,256,Intel,Windows
95,Acer,2 in 1 Convertible,8,1.5,45128.16,1,0,165.6321180513006,Intel Core i5,0,256,Intel,Windows
96,Dell,Notebook,8,2.2,31962.672,0,0,141.21199808219862,Intel Core i7,1000,0,AMD,Others/No OS/Linux
97,Dell,Notebook,4,2.2,25840.8,0,0,141.21199808219862,Intel Core i3,0,256,AMD,Others/No OS/Linux
98,Asus,Notebook,6,2.0,30742.56,0,0,141.21199808219862,Intel Core i3,0,256,Nvidia,Windows
99,HP,Gaming,12,2.62,66546.72,0,0,141.21199808219862,Intel Core i7,1000,128,Nvidia,Windows
100,HP,Notebook,8,1.91,38308.32,0,0,141.21199808219862,Intel Core i7,0,256,AMD,Windows
101,HP,Notebook,4,2.1,18594.72,0,0,141.21199808219862,AMD Processor,500,0,AMD,Windows
102,Dell,Notebook,8,2.2,34472.16,0,0,141.21199808219862,Intel Core i5,1000,0,AMD,Others/No OS/Linux
103,HP,Ultrabook,8,1.38,59620.32,0,0,165.6321180513006,Intel Core i7,0,256,Nvidia,Windows
104,Microsoft,Ultrabook,8,1.252,71395.2,1,0,200.84255993695703,Intel Core i5,0,256,Intel,Windows
105,HP,Notebook,6,1.58,35111.52,0,0,157.3505121487356,Intel Core i5,0,256,Nvidia,Windows
106,Lenovo,Notebook,4,1.85,22105.872,0,0,141.21199808219862,Intel Core i3,1000,0,Intel,Windows
107,Asus,Ultrabook,8,1.3,63563.04,0,0,157.3505121487356,Intel Core i7,0,256,Nvidia,Windows
108,MSI,Gaming,16,2.2,69210.72,0,0,141.21199808219862,Intel Core i7,1000,256,Nvidia,Windows
109,Lenovo,Notebook,8,1.58,78854.4,0,0,157.3505121487356,Intel Core i7,0,256,Intel,Windows
110,Asus,Ultrabook,16,1.5,67239.36,0,0,141.21199808219862,Intel Core i7,1000,256,Nvidia,Windows
111,Dell,Ultrabook,8,1.23,73473.12,1,0,276.053530085501,Intel Core i7,0,256,Intel,Windows
112,Lenovo,2 in 1 Convertible,8,1.37,74538.72,1,0,165.6321180513006,Intel Core i5,0,256,Intel,Windows
113,HP,Notebook,4,1.63,38468.16,0,0,111.93520355955211,Intel Core i5,500,0,Intel,Windows
114,Dell,Ultrabook,8,1.21,86793.12,0,0,165.6321180513006,Intel Core i5,0,256,Intel,Windows
115,HP,2 in 1 Convertible,8,1.26,74538.1872,1,0,165.6321180513006,Intel Core i5,0,256,Intel,Windows
116,HP,Notebook,8,1.63,57755.52,0,0,157.3505121487356,Intel Core i7,0,512,Intel,Windows
117,Dell,Notebook,8,2.16,60223.9824,0,0,141.21199808219862,Intel Core i7,1000,256,Nvidia,Windows
118,Asus,Notebook,4,2.0,30049.92,0,0,127.33567457123111,Intel Core i3,1000,0,Nvidia,Windows
119,Asus,Notebook,8,1.7,59567.04,0,0,141.21199808219862,Intel Core i7,0,256,Nvidia,Windows
120,Acer,Notebook,6,2.1,25521.12,1,0,141.21199808219862,Intel Core i3,1000,0,Intel,Windows
121,MSI,Gaming,16,1.8,119427.12,0,0,141.21199808219862,Intel Core i7,2000,256,Nvidia,Windows
122,Lenovo,Notebook,8,2.2,33513.12,0,0,141.21199808219862,Intel Core i5,0,256,Nvidia,Others/No OS/Linux
123,HP,Notebook,16,2.5,67718.88,0,0,127.33567457123111,Intel Core i7,0,512,Nvidia,Windows
124,Acer,Notebook,4,2.1,24029.28,0,0,100.45466986113651,AMD Processor,0,256,AMD,Windows
125,HP,Notebook,4,1.86,13799.52,0,0,100.45466986113651,Other Intel Processor,500,0,Intel,Others/No OS/Linux
126,HP,Notebook,8,1.63,43263.36,0,0,157.3505121487356,Intel Core i5,1000,0,Intel,Windows
127,Asus,Notebook,4,1.65,14811.3072,0,0,111.93520355955211,AMD Processor,0,64,AMD,Windows
128,Dell,Notebook,16,2.8,74378.88,0,0,127.33567457123111,Intel Core i7,2000,256,AMD,Windows
129,HP,Notebook,8,2.5,49443.84,0,0,127.33567457123111,Intel Core i5,0,256,Intel,Windows
130,Dell,Notebook,8,2.36,34045.3872,0,0,100.45466986113651,Intel Core i5,1000,0,AMD,Windows
131,Dell,Notebook,4,2.2,23922.72,0,0,141.21199808219862,Intel Core i3,1000,0,AMD,Windows
132,Acer,Ultrabook,8,1.6,47099.52,0,0,157.3505121487356,Intel Core i7,0,256,Intel,Windows
133,Acer,Notebook,4,2.2,30476.16,0,0,141.21199808219862,Intel Core i3,0,256,Nvidia,Windows
134,HP,Notebook,8,2.05,31861.44,0,0,100.45466986113651,Intel Core i7,1000,0,Intel,Windows
135,HP,Notebook,8,1.63,52640.64,0,0,157.3505121487356,Intel Core i7,0,256,Intel,Windows
136,Lenovo,Notebook,4,1.9,13445.7408,0,0,100.45466986113651,Other Intel Processor,1000,0,Intel,Others/No OS/Linux
137,Asus,Gaming,8,3.0,49976.64,0,0,127.33567457123111,Intel Core i5,1000,128,Nvidia,Windows
138,Lenovo,Notebook,4,2.2,26586.72,0,0,141.21199808219862,Intel Core i5,1000,0,Nvidia,Others/No OS/Linux
139,HP,Notebook,4,1.32,37242.72,0,0,165.6321180513006,Intel Core i5,0,256,Intel,Windows
140,Acer,Notebook,4,3.0,34898.4,0,0,127.33567457123111,Intel Core i3,1000,0,Nvidia,Windows
141,Lenovo,Notebook,8,1.75,59461.5456,0,0,157.3505121487356,Intel Core i5,0,256,AMD,Windows
142,Lenovo,Gaming,8,2.4,46300.32,0,0,141.21199808219862,Intel Core i7,0,256,Nvidia,Others/No OS/Linux
143,Toshiba,Notebook,4,2.1,32074.56,0,0,100.45466986113651,Intel Core i5,500,0,Intel,Windows
144,HP,Notebook,4,1.86,19660.32,0,0,100.45466986113651,AMD Processor,0,256,AMD,Windows
145,Asus,Ultrabook,8,1.25,58554.72,0,0,157.3505121487356,Intel Core i7,0,256,Intel,Windows
146,HP,Ultrabook,8,0.97,107305.92,1,0,352.4651472131677,Other Intel Processor,0,512,Intel,Windows
147,Asus,Notebook,4,2.0,18328.32,0,0,141.21199808219862,Other Intel Processor,1000,0,Intel,Windows
148,MSI,Gaming,16,2.9,108105.12,0,0,127.33567457123111,Intel Core i7,1000,256,Nvidia,Windows
149,Acer,Notebook,4,2.1,23816.16,0,0,100.45466986113651,Intel Core i3,1000,0,Intel,Windows
150,Dell,Gaming,16,2.56,66560.5728,0,0,141.21199808219862,Intel Core i7,0,512,Nvidia,Windows
151,Dell,Gaming,8,2.62,47898.72,0,0,141.21199808219862,Intel Core i7,0,0,Nvidia,Windows
152,Lenovo,Notebook,4,1.9,26533.44,0,0,100.45466986113651,Intel Core i5,0,128,Intel,Windows
153,MSI,Gaming,16,2.8,100699.2,0,0,127.33567457123111,Intel Core i7,1000,256,Nvidia,Windows
154,HP,Ultrabook,4,1.48,57648.96,0,0,157.3505121487356,Intel Core i5,0,256,Intel,Windows
155,HP,Notebook,6,1.91,32980.32,0,0,141.21199808219862,Intel Core i5,0,256,AMD,Windows
156,Lenovo,2 in 1 Convertible,4,1.74,33513.12,1,0,157.3505121487356,Intel Core i3,0,256,Intel,Windows
157,Asus,2 in 1 Convertible,8,1.1,70063.2,1,0,165.6321180513006,Intel Core i5,0,256,Intel,Windows
158,Dell,2 in 1 Convertible,8,1.56,55890.72,1,0,141.21199808219862,Intel Core i7,0,256,Intel,Windows
159,Toshiba,Notebook,4,2.1,23816.16,0,0,100.45466986113651,Intel Core i3,500,0,Intel,Windows
160,Asus,Notebook,4,2.03,21471.84,0,0,100.45466986113651,AMD Processor,1000,0,AMD,Windows
161,Acer,Notebook,4,3.0,42890.4,0,0,127.33567457123111,Intel Core i5,0,256,Nvidia,Windows
162,Dell,Notebook,8,2.13,38787.84,0,0,141.21199808219862,Intel Core i5,0,256,AMD,Windows
163,Lenovo,Gaming,16,2.5,57489.12,0,0,141.21199808219862,Intel Core i7,0,256,Nvidia,Windows
164,Acer,Notebook,4,2.1,18541.44,0,0,100.45466986113651,Other Intel Processor,1000,0,Intel,Windows
165,MSI,Gaming,16,2.4,95850.72,0,0,141.21199808219862,Intel Core i7,1000,256,Nvidia,Windows
166,Acer,Notebook,4,2.1,19367.8128,0,0,100.45466986113651,Other Intel Processor,1000,0,Intel,Windows
167,Dell,Gaming,8,2.56,56502.9072,0,0,141.21199808219862,Intel Core i7,1000,128,Nvidia,Windows
168,Acer,Notebook,8,3.0,45501.12,0,0,127.33567457123111,Intel Core i5,0,256,Nvidia,Windows
169,HP,Notebook,4,1.49,40173.12,0,0,165.6321180513006,Intel Core i5,500,0,Intel,Windows
170,Huawei,Ultrabook,8,1.05,71874.72,0,0,199.69207064108247,Intel Core i5,0,256,Intel,Windows
171,HP,Notebook,6,2.71,37242.72,0,0,127.33567457123111,Intel Core i5,2000,0,AMD,Windows
172,Lenovo,Notebook,4,2.2,16463.52,0,0,100.45466986113651,AMD Processor,500,0,AMD,Others/No OS/Linux
173,Toshiba,Notebook,4,2.0,26053.92,0,0,100.45466986113651,Intel Core i3,500,0,Intel,Windows
174,HP,Notebook,8,2.5,49177.44,0,0,127.33567457123111,Intel Core i5,0,256,Nvidia,Windows
175,Dell,Notebook,8,2.3,24455.52,0,0,100.45466986113651,Intel Core i3,1000,0,Intel,Windows
176,Acer,Notebook,4,2.1,23922.72,0,0,100.45466986113651,Intel Core i3,0,128,Intel,Windows
177,MSI,Gaming,32,4.4,149130.72,0,0,119.7232157653423,Intel Core i7,1000,512,Nvidia,Windows
178,Lenovo,Notebook,8,1.9,43316.64,0,0,141.21199808219862,Intel Core i5,1000,128,AMD,Windows
179,HP,2 in 1 Convertible,8,1.29,79866.72,1,0,331.2642361026012,Intel Core i5,0,256,Intel,Windows
180,Dell,Notebook,16,2.02,55890.72,0,0,141.21199808219862,Intel Core i7,2000,256,AMD,Others/No OS/Linux
181,Dell,Ultrabook,8,1.23,74538.72,0,0,165.6321180513006,Intel Core i5,0,256,Intel,Windows
182,Lenovo,2 in 1 Convertible,16,1.4,98514.72,1,0,316.96506044349616,Intel Core i7,0,512,Intel,Windows
183,Toshiba,Notebook,8,2.0,42251.04,0,0,100.45466986113651,Intel Core i5,0,128,Intel,Windows
184,Xiaomi,Notebook,8,1.95,63882.72,0,0,141.21199808219862,Intel Core i5,0,256,Nvidia,Others/No OS/Linux
185,Dell,Notebook,16,2.77,82530.72,1,0,127.33567457123111,Intel Core i7,0,512,Nvidia,Windows
186,Dell,Notebook,16,2.06,127712.16,1,0,282.42399616439724,Intel Core i7,0,512,Nvidia,Windows
187,Lenovo,Gaming,8,2.4,41505.12,0,0,141.21199808219862,Intel Core i5,0,256,Nvidia,Others/No OS/Linux
188,Acer,Ultrabook,8,1.12,52693.92,0,0,165.6321180513006,Intel Core i5,0,256,Intel,Windows
189,Dell,Notebook,8,2.8,57808.8,0,0,127.33567457123111,Intel Core i7,1000,128,AMD,Windows
190,Lenovo,2 in 1 Convertible,16,1.42,150462.72,1,0,209.8006828649808,Intel Core i7,0,1000,Intel,Windows
191,Vero,Notebook,4,1.3,13852.8,0,0,157.3505121487356,Other Intel Processor,0,0,Intel,Windows
192,Xiaomi,Ultrabook,8,1.3,53274.672,0,0,165.6321180513006,Intel Core i5,0,256,Nvidia,Others/No OS/Linux
193,Lenovo,Notebook,8,2.8,37189.44,0,0,106.11306214269258,Intel Core i5,0,256,Nvidia,Others/No OS/Linux
194,Dell,2 in 1 Convertible,8,1.62,44701.92,1,0,165.6321180513006,Intel Core i7,1000,0,Intel,Windows
195,HP,Notebook,8,2.5,48697.92,0,0,127.33567457123111,Intel Core i5,1000,0,Nvidia,Windows
196,Razer,Gaming,32,3.49,324954.72,1,0,254.67134914246222,Intel Core i7,0,1000,Nvidia,Windows
197,HP,Notebook,8,1.49,51095.52,0,0,165.6321180513006,Intel Core i5,0,512,Intel,Windows
198,HP,Gaming,16,3.35,73473.12,0,0,127.33567457123111,Intel Core i7,1000,256,Nvidia,Windows
199,HP,Notebook,8,2.5,55677.6,0,0,127.33567457123111,Intel Core i7,0,256,Nvidia,Windows
200,Dell,Gaming,16,2.65,98301.6,0,0,282.42399616439724,Intel Core i7,1000,512,Nvidia,Windows
201,Lenovo,Notebook,4,2.1,26267.04,0,0,100.45466986113651,Intel Core i5,0,128,Intel,Windows
202,Acer,Notebook,8,2.23,39533.76,0,0,141.21199808219862,Intel Core i7,1000,0,Nvidia,Windows
203,Lenovo,Gaming,16,3.2,93186.72,0,0,141.21199808219862,Intel Core i7,1000,512,Nvidia,Windows
204,Dell,Workstation,16,2.8,162770.4,0,0,282.42399616439724,Other Intel Processor,1000,256,Nvidia,Windows
205,Lenovo,Gaming,16,2.4,74485.44,0,0,141.21199808219862,Intel Core i7,0,512,Nvidia,Others/No OS/Linux
206,Dell,Notebook,6,2.3,23389.92,1,0,100.45466986113651,Intel Core i3,1000,0,Intel,Windows
207,Dell,Ultrabook,8,1.21,103842.72,1,0,331.2642361026012,Intel Core i7,0,256,Intel,Windows
208,Dell,Ultrabook,8,1.2,77202.72,0,0,165.6321180513006,Intel Core i7,0,256,Intel,Windows
209,Lenovo,Notebook,8,2.2,31808.16,0,0,100.45466986113651,Intel Core i5,0,256,Intel,Windows
210,Acer,Notebook,8,2.4,41505.12,0,0,141.21199808219862,Intel Core i7,1000,0,Nvidia,Others/No OS/Linux
211,Asus,Gaming,16,2.9,74964.96,0,0,127.33567457123111,Intel Core i7,1000,256,Nvidia,Windows
212,HP,Notebook,4,2.1,18594.72,0,0,141.21199808219862,Intel Core i3,500,0,Intel,Others/No OS/Linux
213,Lenovo,Notebook,8,2.2,29250.72,0,0,141.21199808219862,Intel Core i5,0,256,Intel,Others/No OS/Linux
214,Huawei,Ultrabook,8,1.05,79866.72,0,0,199.69207064108247,Intel Core i7,0,512,Intel,Windows
215,Dell,Ultrabook,8,1.4,49650.5664,0,0,165.6321180513006,Intel Core i7,0,256,AMD,Windows
216,Lenovo,Notebook,8,2.8,31381.92,0,0,106.11306214269258,Intel Core i5,1000,0,Nvidia,Others/No OS/Linux
217,HP,Notebook,8,1.63,54931.68,0,0,157.3505121487356,Intel Core i7,0,256,Nvidia,Windows
218,Dell,Ultrabook,8,1.6,61218.72,0,0,157.3505121487356,Intel Core i5,0,256,Intel,Windows
219,Dell,2 in 1 Convertible,16,1.62,68145.12,1,0,165.6321180513006,Intel Core i7,0,512,Intel,Windows
220,Dell,Notebook,8,2.2,36089.208,0,0,141.21199808219862,Intel Core i5,0,256,AMD,Others/No OS/Linux
221,Lenovo,2 in 1 Convertible,8,1.74,47898.72,0,0,157.3505121487356,Intel Core i5,0,256,Intel,Windows
222,Toshiba,Ultrabook,8,1.2,72620.64,0,0,165.6321180513006,Intel Core i7,0,256,Intel,Windows
223,HP,Notebook,8,2.1,42304.32,0,0,141.21199808219862,Intel Core i5,1000,0,Intel,Windows
224,Dell,Gaming,16,4.42,130873.7952,0,0,127.33567457123111,Intel Core i7,1000,256,Nvidia,Windows
225,Acer,Notebook,8,2.2,44328.96,0,0,141.21199808219862,Intel Core i7,0,256,Nvidia,Windows
226,Dell,Notebook,16,2.3,45768.0528,1,0,141.21199808219862,Intel Core i7,1000,0,AMD,Windows
227,Asus,Notebook,8,2.0,40972.32,0,0,141.21199808219862,Intel Core i5,0,256,Nvidia,Windows
228,Asus,Notebook,8,2.69,47472.48,0,0,127.33567457123111,Intel Core i5,500,256,Nvidia,Windows
229,HP,Notebook,8,1.9,67612.32,0,0,141.21199808219862,Intel Core i7,1000,0,AMD,Windows
230,Asus,Notebook,4,2.37,21258.1872,0,0,100.45466986113651,Intel Core i3,1000,0,Intel,Windows
231,HP,Notebook,4,2.1,17582.4,0,0,100.45466986113651,AMD Processor,500,0,AMD,Windows
232,Lenovo,Gaming,16,3.2,79866.72,0,0,141.21199808219862,Intel Core i7,1000,256,Nvidia,Windows
233,Dell,Notebook,8,1.6,45767.52,0,0,157.3505121487356,Intel Core i5,0,256,Intel,Windows
234,Acer,2 in 1 Convertible,8,1.6,36709.92,1,0,165.6321180513006,Intel Core i5,0,256,Intel,Windows
235,Dell,Notebook,16,2.36,47898.72,0,0,141.21199808219862,Intel Core i7,0,256,AMD,Others/No OS/Linux
236,Acer,Notebook,4,2.1,20779.2,0,0,100.45466986113651,Intel Core i3,1000,0,Intel,Others/No OS/Linux
237,Asus,Notebook,4,2.2,30636.0,0,0,141.21199808219862,AMD Processor,1000,128,AMD,Windows
238,Asus,Gaming,32,4.7,207259.2,0,0,127.33567457123111,Intel Core i7,1000,512,Nvidia,Windows
239,Acer,Gaming,8,2.5,45074.88,0,0,141.21199808219862,Intel Core i5,0,256,Nvidia,Windows
240,Lenovo,Notebook,8,2.2,31381.92,0,0,100.45466986113651,Intel Core i3,0,128,Intel,Windows
241,Asus,Notebook,8,2.1,61005.6,0,0,127.33567457123111,Intel Core i7,1000,128,Nvidia,Windows
242,Asus,Notebook,8,2.69,47365.92,0,0,127.33567457123111,Intel Core i7,1000,128,Nvidia,Others/No OS/Linux
243,Dell,Gaming,8,2.56,46833.12,0,0,141.21199808219862,Intel Core i5,0,256,Nvidia,Windows
244,Lenovo,2 in 1 Convertible,8,1.38,57489.12,1,0,158.48253022174808,Intel Core i7,0,256,Intel,Windows
245,Dell,Notebook,8,2.2,52480.8,0,0,141.21199808219862,Intel Core i7,2000,128,AMD,Windows
246,HP,Notebook,8,2.04,29783.52,1,0,100.45466986113651,Intel Core i5,1000,0,Intel,Windows
247,Asus,Gaming,16,3.6,159786.72,0,0,127.33567457123111,Intel Core i7,0,256,Nvidia,Windows
248,HP,Notebook,4,1.49,35964.0,0,0,165.6321180513006,Intel Core i5,500,0,Intel,Windows
249,Apple,Ultrabook,8,1.37,108691.2,0,0,226.98300468106115,Intel Core i5,0,512,Intel,Mac
250,Dell,2 in 1 Convertible,8,2.08,43636.32,1,0,141.21199808219862,Intel Core i7,1000,0,Intel,Windows
251,Asus,Gaming,16,4.3,95850.72,0,0,127.33567457123111,Intel Core i7,1000,256,Nvidia,Windows
252,Asus,Notebook,4,1.68,24988.32,0,0,100.45466986113651,AMD Processor,1000,0,AMD,Windows
253,Lenovo,2 in 1 Convertible,8,1.37,98514.72,1,0,158.48253022174808,Intel Core i7,0,512,Intel,Windows
254,Acer,Notebook,4,3.0,37402.56,0,0,127.33567457123111,Intel Core i3,0,256,Nvidia,Windows
255,Dell,Ultrabook,8,1.41,50562.72,0,0,165.6321180513006,Intel Core i5,0,256,Intel,Windows
256,HP,Notebook,8,1.91,23757.552,0,0,100.45466986113651,AMD Processor,0,128,AMD,Windows
257,HP,Notebook,16,2.9,56423.52,0,0,127.33567457123111,Intel Core i7,1000,0,Nvidia,Windows
258,MSI,Gaming,16,4.14,133146.72,0,0,127.33567457123111,Intel Core i7,1000,512,Nvidia,Windows
259,Lenovo,2 in 1 Convertible,8,2.0,90522.72,1,0,141.21199808219862,Intel Core i7,0,512,Nvidia,Windows
260,Dell,Notebook,8,2.8,60845.76,0,0,127.33567457123111,Intel Core i7,1000,128,AMD,Windows
261,Lenovo,Notebook,4,2.2,23656.32,0,0,141.21199808219862,Intel Core i3,0,256,Intel,Others/No OS/Linux
262,HP,Notebook,4,2.1,38468.16,0,0,141.21199808219862,Intel Core i5,500,0,Intel,Windows
263,Dell,Notebook,4,2.18,35004.96,0,0,141.21199808219862,Intel Core i5,1000,0,Intel,Windows
264,Dell,Notebook,8,2.24,30103.2,0,0,141.21199808219862,Intel Core i5,1000,0,AMD,Windows
265,Dell,2 in 1 Convertible,8,2.67,42570.72,1,0,141.21199808219862,Intel Core i5,0,256,Intel,Windows
266,Asus,2 in 1 Convertible,8,1.1,79866.72,1,0,165.6321180513006,Intel Core i7,0,1024,Intel,Windows
267,Lenovo,Notebook,4,2.2,24881.76,0,0,141.21199808219862,Intel Core i5,1000,0,Intel,Others/No OS/Linux
268,HP,Notebook,8,2.5,54239.04,0,0,127.33567457123111,Intel Core i7,1000,0,Nvidia,Windows
269,Lenovo,Notebook,8,2.05,46886.4,0,0,141.21199808219862,Intel Core i7,0,256,Intel,Windows
270,Apple,Ultrabook,8,1.37,104370.192,0,0,226.98300468106115,Intel Core i5,0,512,Intel,Mac
271,Asus,Gaming,16,3.2,82530.72,0,0,127.33567457123111,AMD Processor,1000,256,AMD,Windows
272,Dell,Notebook,8,2.14,39164.5296,0,0,141.21199808219862,Intel Core i7,0,256,AMD,Others/No OS/Linux
273,Lenovo,2 in 1 Convertible,16,1.36,133146.72,1,0,209.8006828649808,Intel Core i7,0,512,Intel,Windows
274,Toshiba,Notebook,8,2.2,43263.36,0,0,100.45466986113651,Intel Core i7,500,0,Nvidia,Windows
275,Dell,Notebook,12,2.3,37992.3696,0,0,100.45466986113651,Intel Core i7,1000,0,Intel,Windows
276,Dell,Notebook,8,2.8,58554.72,0,0,127.33567457123111,Intel Core i7,1000,128,AMD,Others/No OS/Linux
277,Acer,Notebook,8,2.2,39693.6,0,0,141.21199808219862,Intel Core i7,1000,0,Nvidia,Windows
278,Lenovo,Notebook,4,2.8,26053.92,0,0,106.11306214269258,Intel Core i3,1000,0,Intel,Windows
279,Lenovo,Notebook,8,2.8,45234.72,0,0,127.33567457123111,Intel Core i7,2000,0,Nvidia,Others/No OS/Linux
280,Lenovo,Notebook,6,2.8,45767.52,0,0,106.11306214269258,Intel Core i7,1000,128,Nvidia,Windows
281,Dell,Notebook,4,2.25,22803.84,0,0,141.21199808219862,Intel Core i3,1000,0,AMD,Others/No OS/Linux
282,Lenovo,Gaming,8,2.5,44169.12,0,0,141.21199808219862,Intel Core i5,0,256,Nvidia,Windows
283,Lenovo,Notebook,6,2.2,30849.12,0,0,141.21199808219862,Intel Core i5,0,256,Intel,Windows
284,Acer,Notebook,8,3.0,50669.28,0,0,141.21199808219862,Intel Core i7,0,256,Nvidia,Windows
285,Acer,Notebook,12,2.15,35111.52,1,0,141.21199808219862,Intel Core i7,1000,0,Intel,Windows
286,Lenovo,Notebook,8,1.95,58448.16,0,0,141.21199808219862,Intel Core i7,0,256,Intel,Windows
287,Asus,Ultrabook,8,1.7,52054.56,0,0,141.21199808219862,Intel Core i5,0,256,Nvidia,Windows
288,Lenovo,Gaming,16,2.5,62817.12,0,0,141.21199808219862,Intel Core i7,1000,256,Nvidia,Windows
289,Lenovo,Notebook,8,2.2,35112.0528,0,0,141.21199808219862,Intel Core i7,1000,0,Nvidia,Others/No OS/Linux
290,Acer,Notebook,2,2.19,10602.72,0,0,100.45466986113651,Other Intel Processor,0,16,Intel,Others/No OS/Linux
291,Asus,Gaming,8,3.0,63243.36,0,0,127.33567457123111,Intel Core i7,1000,0,Nvidia,Windows
292,HP,Notebook,8,2.54,26053.92,0,0,106.11306214269258,Intel Core i3,1000,0,Intel,Windows
293,Dell,Notebook,8,2.0,97449.12,0,0,141.21199808219862,Intel Core i7,0,256,Nvidia,Windows
294,Lenovo,Notebook,8,2.05,39373.92,0,0,141.21199808219862,Intel Core i5,0,256,Intel,Windows
295,Lenovo,Gaming,8,3.2,69210.72,0,0,141.21199808219862,Intel Core i7,1000,0,Nvidia,Windows
296,Acer,Notebook,8,2.5,52161.12,0,0,141.21199808219862,Intel Core i7,0,256,Nvidia,Others/No OS/Linux
297,Dell,Workstation,16,3.42,153705.3408,0,0,127.33567457123111,Intel Core i7,0,256,Nvidia,Windows
298,Lenovo,Notebook,6,2.4,26586.72,0,0,141.21199808219862,AMD Processor,1000,0,AMD,Windows
299,Asus,Ultrabook,16,1.63,78215.04,0,0,141.21199808219862,Intel Core i7,0,512,Nvidia,Windows
300,Asus,Notebook,4,1.3,27119.52,0,0,111.93520355955211,Intel Core i3,0,128,Intel,Windows
301,Asus,Gaming,16,2.9,113060.16,0,0,127.33567457123111,Intel Core i7,1000,256,Nvidia,Windows
302,Lenovo,Notebook,6,2.8,34578.72,0,0,106.11306214269258,Intel Core i5,1000,0,Nvidia,Windows
303,Lenovo,Notebook,8,2.2,29250.72,0,0,100.45466986113651,Intel Core i5,2000,0,Nvidia,Others/No OS/Linux
304,Asus,Gaming,8,2.5,67399.2,0,0,141.21199808219862,Intel Core i7,1000,128,Nvidia,Windows
305,Lenovo,Notebook,4,2.2,19180.2672,0,0,100.45466986113651,Other Intel Processor,1000,0,Intel,Others/No OS/Linux
306,HP,2 in 1 Convertible,16,1.28,105228.0,1,0,165.6321180513006,Intel Core i7,0,256,Intel,Windows
307,Toshiba,Notebook,8,2.2,55571.04,0,0,141.21199808219862,Intel Core i7,0,256,Nvidia,Windows
308,Lenovo,Notebook,8,2.3,43636.32,0,0,141.21199808219862,Intel Core i5,1000,128,Nvidia,Windows
309,HP,Notebook,4,1.86,24988.32,0,0,141.21199808219862,Intel Core i3,1000,0,Intel,Windows
310,Lenovo,Notebook,8,1.1,53226.72,0,0,165.6321180513006,Intel Core i5,0,256,Intel,Windows
311,Dell,Ultrabook,16,1.21,133146.72,1,0,331.2642361026012,Intel Core i7,0,1000,Intel,Windows
312,MSI,Gaming,16,2.8,111834.72,0,0,141.21199808219862,Intel Core i7,1000,256,Nvidia,Windows
313,Acer,Notebook,8,2.23,24988.32,0,0,141.21199808219862,AMD Processor,0,256,AMD,Windows
314,Asus,2 in 1 Convertible,2,1.1,14652.0,1,0,135.0942111925629,Other Intel Processor,0,0,Intel,Windows
315,Dell,Notebook,8,2.33,44968.32,0,0,141.21199808219862,Intel Core i5,1000,128,AMD,Windows
316,HP,2 in 1 Convertible,16,1.29,130482.72,1,0,331.2642361026012,Intel Core i7,0,1000,Intel,Windows
317,Lenovo,Notebook,4,1.45,24503.472,0,0,117.82653006268643,Other Intel Processor,0,0,Intel,Others/No OS/Linux
318,HP,Notebook,8,1.95,52214.4,0,0,157.3505121487356,Intel Core i5,0,256,Intel,Windows
319,Acer,Notebook,4,1.4,25840.8,0,0,135.0942111925629,Other Intel Processor,0,0,Intel,Windows
320,HP,Notebook,8,1.48,68837.76,0,0,157.3505121487356,Intel Core i7,0,256,Intel,Windows
321,Lenovo,Notebook,4,2.79,31381.92,0,0,106.11306214269258,Intel Core i5,1000,0,Nvidia,Windows
322,Asus,Notebook,8,2.0,58288.32,0,0,157.3505121487356,Intel Core i7,0,256,Intel,Windows
323,HP,Notebook,8,2.1,48058.56,0,0,100.45466986113651,Intel Core i7,1000,0,Intel,Windows
324,Acer,Notebook,8,2.2,35111.52,0,0,100.45466986113651,AMD Processor,0,256,AMD,Windows
325,Lenovo,Notebook,4,1.44,15557.76,0,0,111.93520355955211,Other Intel Processor,0,0,Intel,Windows
326,Acer,Notebook,6,2.23,29250.72,0,0,100.45466986113651,Intel Core i5,1000,0,Intel,Windows
327,Asus,Ultrabook,8,1.7,55938.672,0,0,141.21199808219862,Intel Core i7,0,256,Nvidia,Windows
328,HP,Ultrabook,8,1.26,71128.8,0,0,176.23257360658386,Intel Core i7,0,256,Intel,Windows
329,Dell,Notebook,32,2.06,140605.92,1,0,282.42399616439724,Intel Core i7,0,1000,Nvidia,Windows
330,MSI,Gaming,8,2.7,63882.72,0,0,127.33567457123111,Intel Core i7,1000,256,Nvidia,Windows
331,Toshiba,Notebook,8,2.0,50243.04,0,0,141.21199808219862,Intel Core i5,0,256,Intel,Windows
332,Asus,Notebook,8,2.0,71075.52,0,0,157.3505121487356,Intel Core i7,1000,256,Intel,Windows
333,Lenovo,Notebook,4,1.85,23922.72,0,0,141.21199808219862,Intel Core i3,1000,0,Intel,Windows
334,Asus,Gaming,8,2.5,53226.72,0,0,141.21199808219862,Intel Core i7,0,256,Nvidia,Windows
335,HP,Notebook,8,1.48,67559.04,0,0,157.3505121487356,Intel Core i5,0,256,Intel,Windows
336,Dell,Ultrabook,8,1.9,55890.72,0,0,141.21199808219862,Intel Core i5,1000,128,Nvidia,Windows
337,HP,Notebook,8,1.84,60952.32,0,0,141.21199808219862,Intel Core i5,0,256,Intel,Windows
338,Asus,Notebook,4,2.0,14651.4672,0,0,100.45466986113651,Other Intel Processor,1000,0,Intel,Others/No OS/Linux
339,Dell,Notebook,8,2.0,60885.72,0,0,141.21199808219862,Intel Core i5,0,256,Nvidia,Windows
340,Dell,Notebook,4,2.2,14646.672,0,0,100.45466986113651,Other Intel Processor,500,0,Intel,Others/No OS/Linux
341,Lenovo,Notebook,12,2.2,47898.72,0,0,141.21199808219862,AMD Processor,2000,0,AMD,Windows
342,HP,Notebook,8,2.1,38148.48,0,0,141.21199808219862,Intel Core i3,1000,0,Nvidia,Windows
343,Lenovo,2 in 1 Convertible,16,1.4,111834.72,1,0,316.96506044349616,Intel Core i7,0,512,Intel,Windows
344,Dell,Ultrabook,8,1.2,84129.12,0,0,165.6321180513006,Intel Core i7,0,256,Intel,Windows
345,Lenovo,Gaming,16,2.4,60153.12,0,0,141.21199808219862,Intel Core i7,2000,256,Nvidia,Windows
346,HP,Notebook,2,1.44,14865.12,0,0,111.93520355955211,Other Intel Processor,0,0,Intel,Windows
347,Dell,Ultrabook,16,1.88,85672.1088,0,0,141.21199808219862,Intel Core i7,0,768,Intel,Windows
348,Asus,2 in 1 Convertible,4,1.5,19980.0,1,0,135.0942111925629,Other Intel Processor,0,0,Intel,Windows
349,Dell,Ultrabook,8,1.9,35324.64,0,0,141.21199808219862,Intel Core i5,1000,0,AMD,Windows
350,Dell,Notebook,16,2.06,108020.9376,1,0,282.42399616439724,Intel Core i7,0,512,Nvidia,Windows
351,HP,Notebook,8,1.84,69477.12,0,0,141.21199808219862,Intel Core i7,0,256,Intel,Windows
352,MSI,Gaming,8,2.7,75071.52,0,0,127.33567457123111,Intel Core i7,1000,128,Nvidia,Windows
353,HP,Workstation,8,2.6,92615.0256,0,0,141.21199808219862,Intel Core i7,0,256,Nvidia,Windows
354,Toshiba,Notebook,16,2.4,74751.84,0,0,141.21199808219862,Intel Core i7,0,512,Nvidia,Windows
355,Dell,Notebook,8,2.02,51729.552,0,0,141.21199808219862,Intel Core i7,2000,128,AMD,Windows
356,Lenovo,Notebook,4,2.2,17155.6272,0,0,100.45466986113651,Other Intel Processor,1000,0,Intel,Others/No OS/Linux
357,Dell,Gaming,8,2.65,53226.72,0,0,141.21199808219862,Intel Core i5,1000,0,Nvidia,Windows
358,Dell,Notebook,8,2.36,29696.6736,1,0,100.45466986113651,Intel Core i5,2000,0,Intel,Windows
359,Dell,Notebook,8,1.36,76030.56,0,0,157.3505121487356,Intel Core i5,0,256,Intel,Windows
360,HP,Notebook,4,1.86,23389.92,0,0,100.45466986113651,Intel Core i3,500,0,Intel,Windows
361,Asus,Notebook,8,2.0,50349.6,0,0,157.3505121487356,Intel Core i5,0,256,Intel,Windows
362,Lenovo,Notebook,6,2.8,38308.32,0,0,106.11306214269258,Intel Core i5,1000,128,Nvidia,Windows
363,HP,Notebook,8,1.86,34045.92,0,0,141.21199808219862,Intel Core i5,1000,0,Intel,Windows
364,Lenovo,Notebook,8,2.2,26586.72,0,0,100.45466986113651,Intel Core i3,0,256,Nvidia,Others/No OS/Linux
365,HP,Notebook,8,2.04,20725.92,0,0,100.45466986113651,Other Intel Processor,2000,0,Intel,Windows
366,Dell,Notebook,8,2.8,57808.8,0,0,127.33567457123111,Intel Core i5,1000,128,AMD,Windows
367,Lenovo,Gaming,8,2.4,43103.52,0,0,141.21199808219862,Intel Core i5,1000,128,Nvidia,Others/No OS/Linux
368,Dell,Notebook,8,2.33,47898.72,0,0,141.21199808219862,Intel Core i7,0,256,AMD,Windows
369,HP,Ultrabook,8,1.36,93240.0,0,0,157.3505121487356,Intel Core i7,0,256,Intel,Windows
370,Asus,2 in 1 Convertible,12,2.26,58554.72,1,0,141.21199808219862,Intel Core i7,2000,512,Nvidia,Windows
371,Acer,Notebook,4,2.1,22697.28,0,0,100.45466986113651,AMD Processor,0,128,AMD,Windows
372,Asus,Gaming,16,3.25,117162.72,0,0,127.33567457123111,AMD Processor,1000,256,AMD,Windows
373,Lenovo,Notebook,4,2.6,26053.92,0,0,106.11306214269258,AMD Processor,0,128,AMD,Windows
374,Dell,2 in 1 Convertible,8,1.62,46300.8528,1,0,165.6321180513006,Intel Core i7,0,256,Intel,Windows
375,HP,Notebook,4,1.91,26053.3872,0,0,141.21199808219862,AMD Processor,0,256,AMD,Windows
376,Lenovo,Netbook,4,1.59,29463.84,0,0,135.0942111925629,Other Intel Processor,0,128,Intel,Windows
377,Dell,Notebook,4,1.8,16463.52,0,0,100.45466986113651,Other Intel Processor,500,0,Intel,Windows
378,Asus,Notebook,4,1.5,15238.08,0,0,111.93520355955211,Other Intel Processor,0,0,Intel,Windows
379,Acer,Notebook,8,2.4,45074.88,0,0,141.21199808219862,Intel Core i7,1000,0,Nvidia,Others/No OS/Linux
380,HP,Gaming,8,3.35,63456.48,0,0,127.33567457123111,Intel Core i7,1000,128,Nvidia,Windows
381,Lenovo,Notebook,4,1.85,21498.48,0,0,141.21199808219862,Intel Core i3,0,128,Intel,Others/No OS/Linux
382,Asus,Gaming,8,2.3,88178.4,0,0,141.21199808219862,Intel Core i7,1000,128,Nvidia,Windows
383,Lenovo,Notebook,8,1.5,58554.72,0,0,157.3505121487356,Intel Core i5,0,256,Nvidia,Windows
384,Asus,Ultrabook,16,1.1,93181.392,1,0,165.6321180513006,Intel Core i7,0,512,Intel,Windows
385,Lenovo,Ultrabook,8,1.13,121584.96,0,0,209.8006828649808,Intel Core i7,0,512,Intel,Windows
386,Lenovo,Notebook,4,1.5,29250.72,0,0,165.6321180513006,Intel Core i3,0,128,Intel,Windows
387,Dell,Workstation,8,2.23,72940.32,0,0,141.21199808219862,Intel Core i5,500,0,AMD,Windows
388,Dell,Workstation,8,2.0,113752.8,0,0,141.21199808219862,Intel Core i7,0,256,Nvidia,Windows
389,Lenovo,2 in 1 Convertible,16,1.42,133679.52,1,0,209.8006828649808,Intel Core i7,0,512,Intel,Windows
390,Asus,Gaming,8,3.0,55357.92,0,0,127.33567457123111,Intel Core i7,1000,0,Nvidia,Windows
391,Asus,Gaming,16,3.0,84768.48,0,0,127.33567457123111,Intel Core i7,1000,256,Nvidia,Windows
392,Acer,Notebook,12,2.2,36975.7872,0,0,100.45466986113651,Intel Core i5,1000,0,Nvidia,Windows
393,MSI,Gaming,8,2.7,71874.72,0,0,127.33567457123111,Intel Core i7,0,256,Nvidia,Windows
394,Dell,Notebook,8,2.33,41498.1936,0,0,141.21199808219862,Intel Core i7,0,256,AMD,Others/No OS/Linux
395,HP,Ultrabook,4,1.91,26586.72,0,0,141.21199808219862,AMD Processor,0,256,AMD,Windows
396,Lenovo,Notebook,8,2.1,65510.9568,0,0,141.21199808219862,Intel Core i7,0,256,AMD,Windows
397,Lenovo,Notebook,8,1.9,49976.64,0,0,157.3505121487356,Intel Core i5,0,256,Intel,Windows
398,Dell,Workstation,8,1.78,144495.36,1,0,282.42399616439724,Intel Core i7,0,256,Nvidia,Windows
399,Lenovo,Ultrabook,16,1.13,139860.0,0,0,209.8006828649808,Intel Core i7,0,1000,Intel,Windows
400,Lenovo,Notebook,4,2.2,16303.68,0,0,100.45466986113651,Other Intel Processor,1000,0,Intel,Windows
401,Asus,Gaming,16,2.9,81465.12,0,0,127.33567457123111,Intel Core i7,1000,256,Nvidia,Windows
402,Lenovo,Notebook,8,2.1,60978.96,0,0,141.21199808219862,Intel Core i5,1000,256,AMD,Windows
403,Acer,Notebook,8,2.5,46833.12,0,0,141.21199808219862,Intel Core i7,0,256,Nvidia,Others/No OS/Linux
404,MSI,Gaming,16,2.8,119826.72,0,0,127.33567457123111,Intel Core i7,1000,256,Nvidia,Windows
405,Asus,Ultrabook,8,1.1,99793.44,0,0,157.3505121487356,Intel Core i7,0,512,Intel,Windows
406,Toshiba,Ultrabook,16,1.2,93080.16,0,0,165.6321180513006,Intel Core i7,0,512,Intel,Windows
407,Dell,Ultrabook,8,1.36,89510.4,0,0,157.3505121487356,Intel Core i7,0,512,Intel,Windows
408,Lenovo,Notebook,4,2.2,21791.52,0,0,141.21199808219862,Intel Core i3,500,0,Intel,Windows
409,Lenovo,Notebook,2,1.15,16221.096,0,0,135.0942111925629,Other Intel Processor,0,0,Intel,Windows
410,Lenovo,Workstation,8,2.67,102564.0,0,0,141.21199808219862,Intel Core i7,0,512,Nvidia,Windows
411,Lenovo,Ultrabook,8,1.7,103523.04,0,0,209.8006828649808,Intel Core i7,0,512,Nvidia,Windows
412,HP,Notebook,4,2.1,24988.32,0,0,141.21199808219862,Intel Core i3,1000,0,AMD,Windows
413,Acer,2 in 1 Convertible,8,1.6,42038.4528,1,0,165.6321180513006,Intel Core i7,0,256,Intel,Windows
414,Asus,2 in 1 Convertible,8,1.27,49443.84,1,0,165.6321180513006,Intel Core i5,0,256,Intel,Windows
415,Dell,Notebook,4,2.3,31909.392,0,0,141.21199808219862,Intel Core i5,0,256,AMD,Others/No OS/Linux
416,Dell,Notebook,4,1.65,36709.92,0,0,117.82653006268643,Intel Core i3,0,128,Intel,Windows
417,HP,Ultrabook,8,1.43,79920.0,0,0,157.3505121487356,Intel Core i7,0,256,Intel,Windows
418,Dell,Notebook,8,2.14,28768.536,0,0,100.45466986113651,Intel Core i5,1000,0,Intel,Windows
419,Lenovo,Ultrabook,8,1.75,64755.4464,0,0,157.3505121487356,Intel Core i7,0,256,AMD,Windows
420,Lenovo,2 in 1 Convertible,16,2.0,101178.72,1,0,282.42399616439724,Intel Core i7,0,512,Nvidia,Windows
421,Chuwi,Notebook,6,1.4,23922.72,0,0,267.3384360344031,Other Intel Processor,0,0,Intel,Windows
422,HP,Notebook,8,2.31,76030.56,0,0,141.21199808219862,Intel Core i7,0,256,Intel,Windows
423,Asus,Notebook,8,2.3,31808.16,0,0,141.21199808219862,Intel Core i3,1000,0,Nvidia,Others/No OS/Linux
424,Dell,Gaming,16,4.42,149130.72,0,0,169.78089942830815,Intel Core i7,1000,256,Nvidia,Windows
425,Dell,Gaming,8,2.62,61751.52,0,0,141.21199808219862,Intel Core i7,1000,128,Nvidia,Windows
426,Dell,Notebook,8,2.02,60867.072,0,0,141.21199808219862,Intel Core i7,2000,256,AMD,Windows
427,Dell,Ultrabook,8,1.6,58554.72,0,0,157.3505121487356,Intel Core i7,0,256,Intel,Others/No OS/Linux
428,HP,Gaming,12,3.35,106506.72,0,0,127.33567457123111,Intel Core i7,1000,256,Nvidia,Windows
429,Mediacom,2 in 1 Convertible,4,1.16,15930.72,1,0,189.90579052433606,Other Intel Processor,0,32,Intel,Windows
430,Samsung,Netbook,4,1.15,14332.32,0,0,135.0942111925629,Other Intel Processor,0,0,Intel,Others/No OS/Linux
431,Lenovo,Notebook,8,1.4,53812.8,0,0,165.6321180513006,Intel Core i7,0,256,Intel,Windows
432,Lenovo,Notebook,4,1.7,31914.72,0,0,157.3505121487356,Intel Core i3,0,128,Intel,Windows
433,Lenovo,Workstation,16,2.3,130269.6,0,0,282.42399616439724,Intel Core i7,0,512,Nvidia,Windows
434,Lenovo,Notebook,16,2.5,130482.72,0,0,141.21199808219862,Intel Core i7,0,512,Nvidia,Windows
435,Asus,Gaming,8,3.2,90309.6,0,0,127.33567457123111,AMD Processor,1000,256,AMD,Windows
436,HP,Notebook,4,2.1,18488.16,0,0,100.45466986113651,Other Intel Processor,500,0,Intel,Windows
437,Google,Ultrabook,16,1.1,117162.72,1,0,234.50740003017813,Intel Core i7,0,512,Intel,Others/No OS/Linux
438,Lenovo,Ultrabook,24,1.32,126912.96,0,0,209.8006828649808,Intel Core i7,0,512,Intel,Windows
439,Asus,Notebook,4,2.0,29783.52,0,0,141.21199808219862,Intel Core i5,0,256,Intel,Others/No OS/Linux
440,Lenovo,Notebook,8,2.8,27652.32,0,0,106.11306214269258,AMD Processor,1000,0,AMD,Windows
441,Dell,Notebook,4,2.2,39906.72,0,0,141.21199808219862,Intel Core i5,0,256,AMD,Windows
442,Lenovo,Ultrabook,8,1.36,76137.12,0,0,176.23257360658386,Intel Core i5,0,256,Intel,Windows
443,Lenovo,Notebook,4,2.2,18594.72,0,0,141.21199808219862,Other Intel Processor,0,128,Intel,Windows
444,HP,Gaming,8,2.2,58554.72,0,0,141.21199808219862,Intel Core i7,1000,128,Nvidia,Windows
445,Dell,Notebook,8,1.64,62817.12,0,0,157.3505121487356,Intel Core i5,0,256,Nvidia,Windows
446,Acer,Notebook,4,2.4,23539.104,0,0,100.45466986113651,Intel Core i5,500,0,Intel,Others/No OS/Linux
447,Dell,Workstation,8,2.23,106187.04,0,0,141.21199808219862,Other Intel Processor,1000,0,Nvidia,Windows
448,MSI,Gaming,8,2.2,54757.9872,0,0,141.21199808219862,Intel Core i5,0,256,Nvidia,Windows
449,Microsoft,Ultrabook,16,1.25,137941.92,1,0,200.84255993695703,Intel Core i7,0,512,Intel,Windows
450,HP,Notebook,8,1.91,31381.92,0,0,100.45466986113651,Intel Core i5,0,128,Intel,Windows
451,Dell,Workstation,16,2.17,105228.0,0,0,141.21199808219862,Intel Core i7,0,256,Nvidia,Windows
452,HP,Workstation,8,2.31,81731.52,0,0,141.21199808219862,Intel Core i7,0,512,Intel,Windows
453,Lenovo,Notebook,8,1.65,71661.6,0,0,157.3505121487356,Intel Core i5,0,256,Intel,Windows
454,Dell,Notebook,8,2.36,52161.12,0,0,141.21199808219862,Intel Core i7,1000,128,AMD,Windows
455,Dell,2 in 1 Convertible,4,1.47,25521.12,1,0,135.0942111925629,Other Intel Processor,500,0,Intel,Windows
456,Dell,Notebook,8,4.42,109010.88,0,0,127.33567457123111,Intel Core i7,1000,0,Nvidia,Windows
457,Microsoft,Ultrabook,4,1.252,52693.92,1,0,200.84255993695703,Other Intel Processor,0,128,Intel,Windows
458,Microsoft,Ultrabook,8,1.25,95850.72,1,0,200.84255993695703,Intel Core i7,0,256,Intel,Windows
459,HP,Notebook,8,2.5,34093.872,0,0,106.11306214269258,Intel Core i3,0,256,Intel,Windows
460,Acer,Notebook,4,2.23,28984.32,0,0,141.21199808219862,Intel Core i3,1000,0,Nvidia,Windows
461,Acer,Netbook,4,1.4,23176.8,0,0,135.0942111925629,Other Intel Processor,0,128,Intel,Windows
462,Asus,Notebook,8,2.37,39906.72,0,0,141.21199808219862,Intel Core i5,1000,0,Intel,Windows
463,Lenovo,Notebook,8,1.5,42570.72,0,0,157.3505121487356,Intel Core i7,0,512,AMD,Others/No OS/Linux
464,Lenovo,Notebook,8,2.67,111355.2,0,0,141.21199808219862,Intel Core i7,0,256,Nvidia,Windows
465,Asus,Notebook,4,2.0,16197.12,0,0,100.45466986113651,Other Intel Processor,500,0,Intel,Windows
466,Acer,Notebook,4,2.2,24988.32,0,0,100.45466986113651,Intel Core i3,500,0,Nvidia,Windows
467,Dell,Notebook,8,2.02,40439.52,0,0,141.21199808219862,Intel Core i5,2000,0,AMD,Windows
468,HP,Gaming,12,3.78,90522.72,0,0,127.33567457123111,Intel Core i7,1000,0,Nvidia,Windows
469,Lenovo,Ultrabook,12,1.4,98994.24,0,0,209.8006828649808,Intel Core i7,0,256,Intel,Windows
470,HP,2 in 1 Convertible,8,1.29,106506.72,1,0,331.2642361026012,Intel Core i7,0,512,Intel,Windows
471,HP,Notebook,8,1.9,61485.12,0,0,141.21199808219862,Intel Core i5,500,0,AMD,Windows
472,Google,Ultrabook,8,1.1,67932.0,1,0,234.50740003017813,Intel Core i5,0,128,Intel,Others/No OS/Linux
473,Dell,Ultrabook,8,1.42,98133.768,1,0,165.6321180513006,Intel Core i5,0,256,Intel,Windows
474,Asus,Notebook,12,2.06,69210.72,0,0,282.42399616439724,Intel Core i7,1000,128,Intel,Windows
475,Dell,Notebook,8,1.79,39427.2,0,0,111.93520355955211,Intel Core i3,0,128,Intel,Windows
476,Dell,Workstation,8,1.78,128298.24,0,0,141.21199808219862,Intel Core i7,0,256,Nvidia,Windows
477,Lenovo,Notebook,8,1.7,72673.92,0,0,157.3505121487356,Intel Core i5,0,180,Intel,Windows
478,Dell,Notebook,8,2.2,35964.0,0,0,141.21199808219862,Intel Core i5,1000,0,AMD,Windows
479,Toshiba,Notebook,8,1.05,89084.16,0,0,165.6321180513006,Intel Core i5,0,256,Intel,Windows
480,Dell,Notebook,8,2.16,67239.36,0,0,141.21199808219862,Intel Core i7,0,512,Nvidia,Windows
481,Dell,Notebook,4,2.18,31254.048,0,0,100.45466986113651,Intel Core i3,1000,0,Intel,Windows
482,HP,Notebook,4,1.49,38681.28,0,0,165.6321180513006,Intel Core i5,0,128,Intel,Windows
483,Chuwi,Notebook,4,1.89,13261.392,0,0,141.21199808219862,Other Intel Processor,0,0,Intel,Windows
484,Lenovo,Notebook,4,2.3,30103.2,0,0,100.45466986113651,Intel Core i3,0,128,Intel,Windows
485,Lenovo,Notebook,8,1.75,55890.72,0,0,157.3505121487356,Intel Core i5,0,256,Intel,Windows
486,Dell,Workstation,16,2.17,124568.64,0,0,141.21199808219862,Intel Core i7,0,512,Nvidia,Windows
487,Dell,Notebook,16,2.06,101178.72,0,0,141.21199808219862,Intel Core i7,0,512,Nvidia,Windows
488,Lenovo,Ultrabook,16,1.36,95797.44,0,0,176.23257360658386,Intel Core i7,0,512,Intel,Windows
489,Asus,Ultrabook,16,0.91,103896.0,0,0,176.23257360658386,Intel Core i7,0,512,Intel,Windows
490,Lenovo,Notebook,8,2.3,53918.8272,0,0,141.21199808219862,Intel Core i5,0,256,Nvidia,Windows
491,Toshiba,Ultrabook,32,1.05,149130.72,1,0,165.6321180513006,Intel Core i7,0,512,Intel,Windows
492,Asus,Gaming,8,1.99,71928.0,0,0,141.21199808219862,Intel Core i7,1000,128,Nvidia,Windows
493,Acer,Notebook,8,2.2,30849.12,0,0,100.45466986113651,AMD Processor,1000,0,AMD,Windows
494,Asus,Gaming,24,4.33,67612.32,1,0,127.33567457123111,Intel Core i7,1000,256,Nvidia,Windows
495,Lenovo,Ultrabook,8,1.3,58554.72,0,0,125.36742798669837,Intel Core i5,0,180,Intel,Windows
496,Lenovo,Notebook,8,2.17,47893.392,0,0,141.21199808219862,Intel Core i7,0,256,Intel,Windows
497,HP,Notebook,8,1.48,93186.72,0,0,157.3505121487356,Intel Core i7,0,1000,Intel,Windows
498,Lenovo,Notebook,8,1.4,50562.72,0,0,165.6321180513006,Intel Core i3,0,256,Intel,Windows
